{
    "metrics": {
        "vus_max": {
            "min": 1000,
            "max": 1000,
            "value": 1000
        },
        "http_req_duration": {
            "p(95)": 60006.613699999994,
            "avg": 54800.47774326503,
            "min": 138.052,
            "med": 60000.521,
            "max": 60017.692,
            "p(90)": 60004.2942
        },
        "http_req_tls_handshaking": {
            "med": 0,
            "max": 0,
            "p(90)": 0,
            "p(95)": 0,
            "avg": 0,
            "min": 0
        },
        "http_req_duration{expected_response:true}": {
            "avg": 29965.014408244682,
            "min": 138.052,
            "med": 30040.968,
            "max": 59909.059,
            "p(90)": 53956.531,
            "p(95)": 57000.6743
        },
        "http_req_waiting": {
            "p(90)": 60004.125199999995,
            "p(95)": 60006.507,
            "avg": 54800.314142298026,
            "min": 137.956,
            "med": 60000.417,
            "max": 60017.592
        },
        "checks": {
            "passes": 752,
            "fails": 3591,
            "value": 0.17315219894082431
        },
        "data_sent": {
            "count": 714190,
            "rate": 2164.1150180270547
        },
        "http_req_failed": {
            "fails": 752,
            "passes": 3591,
            "value": 0.8268478010591757
        },
        "iterations": {
            "count": 1154,
            "rate": 3.496812796039179
        },
        "data_received": {
            "count": 3693457,
            "rate": 11191.791767088802
        },
        "http_reqs": {
            "count": 4343,
            "rate": 13.160015574695107
        },
        "http_req_blocked": {
            "avg": 1.1489251669352964,
            "min": 0.001,
            "med": 0.826,
            "max": 19.754,
            "p(90)": 2.4678,
            "p(95)": 3.732
        },
        "http_req_sending": {
            "avg": 0.12978171770665442,
            "min": 0.006,
            "med": 0.085,
            "max": 8.453,
            "p(90)": 0.199,
            "p(95)": 0.28589999999999977
        },
        "vus": {
            "value": 2,
            "min": 2,
            "max": 1000
        },
        "iteration_duration": {
            "max": 181022.512084,
            "p(90)": 181009.99531680002,
            "p(95)": 181012.09110209998,
            "avg": 161434.52916872542,
            "min": 2388.627458,
            "med": 181004.005562
        },
        "http_req_receiving": {
            "p(95)": 0.253,
            "avg": 0.03381924936679715,
            "min": 0,
            "med": 0,
            "max": 1.539,
            "p(90)": 0.142
        },
        "http_req_connecting": {
            "max": 19.569,
            "p(90)": 2.1248,
            "p(95)": 3.3106999999999975,
            "avg": 0.9898874050195726,
            "min": 0,
            "med": 0.686
        }
    },
    "root_group": {
        "name": "",
        "path": "",
        "id": "d41d8cd98f00b204e9800998ecf8427e",
        "groups": {},
        "checks": {
                "status is 200": {
                    "name": "status is 200",
                    "path": "::status is 200",
                    "id": "6210a8cd14cd70477eba5c5e4cb3fb5f",
                    "passes": 752,
                    "fails": 3591
                }
            }
    }
}