{
    "root_group": {
        "name": "",
        "path": "",
        "id": "d41d8cd98f00b204e9800998ecf8427e",
        "groups": {},
        "checks": {
                "status is 200": {
                    "fails": 3576,
                    "name": "status is 200",
                    "path": "::status is 200",
                    "id": "6210a8cd14cd70477eba5c5e4cb3fb5f",
                    "passes": 781
                }
            }
    },
    "metrics": {
        "http_req_receiving": {
            "med": 0,
            "max": 2.775,
            "p(90)": 0.1904000000000001,
            "p(95)": 0.28119999999999984,
            "avg": 0.041512508606839534,
            "min": 0
        },
        "http_req_blocked": {
            "med": 0.788,
            "max": 16.259,
            "p(90)": 2.3168,
            "p(95)": 3.4617999999999896,
            "avg": 1.0690876750057403,
            "min": 0.001
        },
        "http_req_duration": {
            "p(90)": 60001.5774,
            "p(95)": 60002.7004,
            "avg": 54612.339284140464,
            "min": 123.284,
            "med": 60000.166,
            "max": 60018.493
        },
        "http_reqs": {
            "count": 4357,
            "rate": 13.202885351352643
        },
        "checks": {
            "passes": 781,
            "fails": 3576,
            "value": 0.17925177874684417
        },
        "data_received": {
            "count": 2610327,
            "rate": 7909.994976024854
        },
        "iterations": {
            "count": 1159,
            "rate": 3.512082653710744
        },
        "http_req_duration{expected_response:true}": {
            "avg": 29941.65070166454,
            "min": 123.284,
            "med": 29878.173,
            "max": 59939.866,
            "p(90)": 53871.327,
            "p(95)": 56865.998
        },
        "http_req_waiting": {
            "med": 60000.059,
            "max": 60018.46,
            "p(90)": 60001.5218,
            "p(95)": 60002.5764,
            "avg": 54612.17601239388,
            "min": 123.15
        },
        "data_sent": {
            "count": 652559,
            "rate": 1977.4298053691368
        },
        "http_req_sending": {
            "med": 0.081,
            "max": 4.871,
            "p(90)": 0.19,
            "p(95)": 0.2601999999999998,
            "avg": 0.12175923800780322,
            "min": 0.004
        },
        "http_req_connecting": {
            "max": 16.12,
            "p(90)": 1.995,
            "p(95)": 3.1285999999999996,
            "avg": 0.920501032820747,
            "min": 0,
            "med": 0.663
        },
        "http_req_failed": {
            "passes": 3576,
            "fails": 781,
            "value": 0.8207482212531558
        },
        "http_req_tls_handshaking": {
            "p(95)": 0,
            "avg": 0,
            "min": 0,
            "med": 0,
            "max": 0,
            "p(90)": 0
        },
        "vus": {
            "min": 2,
            "max": 1000,
            "value": 2
        },
        "vus_max": {
            "value": 1000,
            "min": 1000,
            "max": 1000
        },
        "iteration_duration": {
            "med": 181003.610875,
            "max": 181028.158875,
            "p(90)": 181009.66885,
            "p(95)": 181011.3090798,
            "avg": 160751.80761966878,
            "min": 2510.810125
        }
    }
}