{
    "root_group": {
        "name": "",
        "path": "",
        "id": "d41d8cd98f00b204e9800998ecf8427e",
        "groups": {},
        "checks": {
                "status is 200": {
                    "passes": 12339,
                    "fails": 0,
                    "name": "status is 200",
                    "path": "::status is 200",
                    "id": "6210a8cd14cd70477eba5c5e4cb3fb5f"
                }
            }
    },
    "metrics": {
        "http_req_failed": {
            "passes": 0,
            "fails": 12339,
            "value": 0
        },
        "http_req_duration": {
            "avg": 20554.83519093927,
            "min": 236.942,
            "med": 24280.634,
            "max": 25161.049,
            "p(90)": 24851.9766,
            "p(95)": 24938.293199999996
        },
        "http_req_connecting": {
            "p(95)": 0.6800999999999995,
            "avg": 0.0901946673150174,
            "min": 0,
            "med": 0,
            "max": 13.976,
            "p(90)": 0
        },
        "iterations": {
            "rate": 12.268126348812773,
            "count": 3895
        },
        "data_received": {
            "count": 20828232,
            "rate": 65602.9221561965
        },
        "iteration_duration": {
            "avg": 62345.69142555397,
            "min": 1777.868792,
            "med": 73779.454834,
            "max": 75367.578334,
            "p(90)": 74749.26397480001,
            "p(95)": 74809.00247949999
        },
        "http_req_sending": {
            "p(95)": 0.126,
            "avg": 0.05321063295242689,
            "min": 0.003,
            "med": 0.029,
            "max": 10.968,
            "p(90)": 0.079
        },
        "http_req_receiving": {
            "avg": 0.14871221330740042,
            "min": 0.01,
            "med": 0.1,
            "max": 5.702,
            "p(90)": 0.235,
            "p(95)": 0.306
        },
        "checks": {
            "passes": 12339,
            "fails": 0,
            "value": 1
        },
        "http_req_blocked": {
            "p(95)": 0.8200999999999994,
            "avg": 0.1148474754842364,
            "min": 0,
            "med": 0.006,
            "max": 14.17,
            "p(90)": 0.027
        },
        "http_req_tls_handshaking": {
            "p(95)": 0,
            "avg": 0,
            "min": 0,
            "med": 0,
            "max": 0,
            "p(90)": 0
        },
        "vus": {
            "value": 26,
            "min": 16,
            "max": 1000
        },
        "http_reqs": {
            "count": 12339,
            "rate": 38.86429037689366
        },
        "http_req_waiting": {
            "med": 24280.542,
            "max": 25160.906,
            "p(90)": 24851.7992,
            "p(95)": 24938.0674,
            "avg": 20554.63326809314,
            "min": 236.894
        },
        "data_sent": {
            "count": 1778949,
            "rate": 5603.176148933026
        },
        "vus_max": {
            "value": 1000,
            "min": 1000,
            "max": 1000
        },
        "http_req_duration{expected_response:true}": {
            "p(90)": 24851.9766,
            "p(95)": 24938.293199999996,
            "avg": 20554.83519093927,
            "min": 236.942,
            "med": 24280.634,
            "max": 25161.049
        }
    }
}