{
    "root_group": {
        "id": "d41d8cd98f00b204e9800998ecf8427e",
        "groups": {},
        "checks": {
                "status is 200": {
                    "passes": 23177,
                    "fails": 0,
                    "name": "status is 200",
                    "path": "::status is 200",
                    "id": "6210a8cd14cd70477eba5c5e4cb3fb5f"
                }
            },
        "name": "",
        "path": ""
    },
    "metrics": {
        "http_req_receiving": {
            "med": 0.085,
            "max": 15.791,
            "p(90)": 0.229,
            "p(95)": 0.312,
            "avg": 0.15100768002761444,
            "min": 0.008
        },
        "http_req_waiting": {
            "med": 12426.811,
            "max": 13034.945,
            "p(90)": 12690.8884,
            "p(95)": 12774.1058,
            "avg": 10526.532856754606,
            "min": 109.739
        },
        "checks": {
            "passes": 23177,
            "fails": 0,
            "value": 1
        },
        "http_req_duration": {
            "avg": 10526.72917141997,
            "min": 109.798,
            "med": 12426.947,
            "max": 13035.05,
            "p(90)": 12691.1208,
            "p(95)": 12774.2386
        },
        "http_req_tls_handshaking": {
            "avg": 0,
            "min": 0,
            "med": 0,
            "max": 0,
            "p(90)": 0,
            "p(95)": 0
        },
        "vus_max": {
            "max": 1000,
            "value": 1000,
            "min": 1000
        },
        "http_reqs": {
            "count": 23177,
            "rate": 76.92817694044953
        },
        "http_req_connecting": {
            "med": 0,
            "max": 12.523,
            "p(90)": 0,
            "p(95)": 0,
            "avg": 0.046344004832376856,
            "min": 0
        },
        "data_sent": {
            "count": 2978360,
            "rate": 9885.654099855774
        },
        "data_received": {
            "count": 124701322,
            "rate": 413903.670169736
        },
        "http_req_duration{expected_response:true}": {
            "p(95)": 12774.2386,
            "avg": 10526.72917141997,
            "min": 109.798,
            "med": 12426.947,
            "max": 13035.05,
            "p(90)": 12691.1208
        },
        "iteration_duration": {
            "p(95)": 38970.0396255,
            "avg": 32567.782838585594,
            "min": 1336.477542,
            "med": 38283.8719585,
            "max": 39158.03775,
            "p(90)": 38920.5660205
        },
        "iterations": {
            "count": 7696,
            "rate": 25.544257226288977
        },
        "http_req_failed": {
            "passes": 0,
            "fails": 23177,
            "value": 0
        },
        "vus": {
            "value": 8,
            "min": 8,
            "max": 1000
        },
        "http_req_blocked": {
            "med": 0.005,
            "max": 12.747,
            "p(90)": 0.017,
            "p(95)": 0.05519999999999897,
            "avg": 0.06408478232730098,
            "min": 0
        },
        "http_req_sending": {
            "med": 0.023,
            "max": 14.515,
            "p(90)": 0.066,
            "p(95)": 0.087,
            "avg": 0.045306985373429545,
            "min": 0.002
        }
    }
}