{
    "root_group": {
        "name": "",
        "path": "",
        "id": "d41d8cd98f00b204e9800998ecf8427e",
        "groups": {},
        "checks": {
                "status is 201": {
                    "name": "status is 201",
                    "path": "::status is 201",
                    "id": "ec8c9afd59577ad0eb26fbf150ecf791",
                    "passes": 762,
                    "fails": 3545
                }
            }
    },
    "metrics": {
        "http_reqs": {
            "count": 4307,
            "rate": 13.051277974199966
        },
        "http_req_duration": {
            "avg": 54669.39178918034,
            "min": 132.426,
            "med": 60000.38,
            "max": 60007.231,
            "p(90)": 60001.0994,
            "p(95)": 60001.326
        },
        "http_req_blocked": {
            "avg": 0.5008028790341302,
            "min": 0.002,
            "med": 0.389,
            "max": 6.67,
            "p(90)": 0.9634,
            "p(95)": 1.198
        },
        "iteration_duration": {
            "p(90)": 61002.630841700004,
            "p(95)": 61003.0292564,
            "avg": 55652.15967963027,
            "min": 1136.171708,
            "med": 61001.587584,
            "max": 61013.987209
        },
        "checks": {
            "passes": 762,
            "fails": 3545,
            "value": 0.1769212909217553
        },
        "http_req_connecting": {
            "avg": 0.4324924541444162,
            "min": 0,
            "med": 0.343,
            "max": 6.582,
            "p(90)": 0.795,
            "p(95)": 0.9636999999999998
        },
        "http_req_failed": {
            "passes": 3545,
            "fails": 762,
            "value": 0.8230787090782448
        },
        "data_received": {
            "rate": 778.1494952650816,
            "count": 256794
        },
        "vus_max": {
            "value": 1000,
            "min": 1000,
            "max": 1000
        },
        "http_req_sending": {
            "avg": 0.06697306710006917,
            "min": 0.006,
            "med": 0.041,
            "max": 4.676,
            "p(90)": 0.133,
            "p(95)": 0.175
        },
        "http_req_waiting": {
            "p(95)": 60001.274,
            "avg": 54669.299679127005,
            "min": 132.208,
            "med": 60000.327,
            "max": 60007.218,
            "p(90)": 60001.054
        },
        "vus": {
            "min": 2,
            "max": 1000,
            "value": 2
        },
        "iterations": {
            "count": 4292,
            "rate": 13.005824254763468
        },
        "http_req_receiving": {
            "max": 1.028,
            "p(90)": 0.106,
            "p(95)": 0.183,
            "avg": 0.025136986301369884,
            "min": 0,
            "med": 0
        },
        "data_sent": {
            "count": 1073592,
            "rate": 3253.2499704846273
        },
        "http_req_tls_handshaking": {
            "avg": 0,
            "min": 0,
            "med": 0,
            "max": 0,
            "p(90)": 0,
            "p(95)": 0
        },
        "http_req_duration{expected_response:true}": {
            "med": 29843.6595,
            "max": 59952.553,
            "p(90)": 53866.0307,
            "p(95)": 57089.44925,
            "avg": 29867.63992650921,
            "min": 132.426
        }
    }
}