{
    "metrics": {
        "iterations": {
            "count": 8493,
            "rate": 27.65220474482921
        },
        "checks": {
            "passes": 8513,
            "fails": 0,
            "value": 1
        },
        "http_req_failed": {
            "passes": 0,
            "fails": 8513,
            "value": 0
        },
        "data_received": {
            "count": 2834829,
            "rate": 9229.868353300299
        },
        "iteration_duration": {
            "med": 35408.443708,
            "max": 36285.02775,
            "p(90)": 35940.646416999996,
            "p(95)": 36007.4711748,
            "avg": 29734.345690145732,
            "min": 1323.43925
        },
        "http_req_receiving": {
            "max": 3.238,
            "p(90)": 0.165,
            "p(95)": 0.21039999999999962,
            "avg": 0.08045495125102747,
            "min": 0.008,
            "med": 0.055
        },
        "http_req_tls_handshaking": {
            "p(95)": 0,
            "avg": 0,
            "min": 0,
            "med": 0,
            "max": 0,
            "p(90)": 0
        },
        "http_req_sending": {
            "med": 0.034,
            "max": 3.172,
            "p(90)": 0.095,
            "p(95)": 0.125,
            "avg": 0.05404863150475687,
            "min": 0.004
        },
        "http_req_duration": {
            "med": 34408.027,
            "max": 35284.338,
            "p(90)": 34939.1186,
            "p(95)": 35006.170600000005,
            "avg": 28743.97321543518,
            "min": 322.179
        },
        "http_req_duration{expected_response:true}": {
            "p(90)": 34939.1186,
            "p(95)": 35006.170600000005,
            "avg": 28743.97321543518,
            "min": 322.179,
            "med": 34408.027,
            "max": 35284.338
        },
        "http_req_blocked": {
            "p(90)": 0.408,
            "p(95)": 0.7933999999999997,
            "avg": 0.10780817573123222,
            "min": 0,
            "med": 0.007,
            "max": 5.528
        },
        "http_req_connecting": {
            "avg": 0.08519863737812748,
            "min": 0,
            "med": 0,
            "max": 5.274,
            "p(90)": 0.352,
            "p(95)": 0.6793999999999997
        },
        "http_req_waiting": {
            "min": 322.137,
            "med": 34407.968,
            "max": 35284.246,
            "p(90)": 34939.0576,
            "p(95)": 35006.092,
            "avg": 28743.838711852477
        },
        "vus_max": {
            "value": 1000,
            "min": 1000,
            "max": 1000
        },
        "http_reqs": {
            "count": 8513,
            "rate": 27.717322382283182
        },
        "vus": {
            "value": 6,
            "min": 6,
            "max": 1000
        },
        "data_sent": {
            "rate": 6328.047354848309,
            "count": 1943574
        }
    },
    "root_group": {
        "name": "",
        "path": "",
        "id": "d41d8cd98f00b204e9800998ecf8427e",
        "groups": {},
        "checks": {
                "status is 201": {
                    "name": "status is 201",
                    "path": "::status is 201",
                    "id": "ec8c9afd59577ad0eb26fbf150ecf791",
                    "passes": 8513,
                    "fails": 0
                }
            }
    }
}